{
  "bounds_latlon": [
    35.829066,
    -92.313182,
    37.454001,
    -89.804949
  ],
  "vmin": 6.5,
  "vmax": 9.5,
  "cmap": "viridis",
  "data_min_in": 6.88,
  "data_max_in": 9.486
}